sentence,title
山有木兮木有枝，心悦君兮君不知。,佚名《越人歌》
人生若只如初见，何事秋风悲画扇。,纳兰性德《木兰花·拟古决绝词柬友》
曾经沧海难为水，除却巫山不是云。,元稹《离思五首·其四》
人生如逆旅，我亦是行人。,苏轼《临江仙·送钱穆父》
十年生死两茫茫，不思量，自难忘。,苏轼《江城子·乙卯正月二十日夜记梦》
雨打梨花深闭门，忘了青春，误了青春。,唐寅《一剪梅·雨打梨花深闭门》
玲珑骰子安红豆，入骨相思知不知。,温庭筠《南歌子词二首 / 新添声杨柳枝词》
入我相思门，知我相思苦，,李白《三五七言 / 秋风词》
醉后不知天在水，满船清梦压星河。,唐温如《题龙阳县青草湖》
只愿君心似我心，定不负相思意。,李之仪《卜算子·我住长江头》
两情若是久长时，又岂在朝朝暮暮。,秦观《鹊桥仙·纤云弄巧》
山无陵，江水为竭，冬雷震震，夏雨雪。天地合，乃敢与君绝。,佚名《上邪》
平生不会相思，才会相思，便害相思。,徐再思《折桂令·春情》
云想衣裳花想容，春风拂槛露华浓。,李白《清平调·其一》
愿得一心人，白头不相离。,卓文君《白头吟》
人生自是有情痴，此恨不关风与月。,欧阳修《玉楼春·尊前拟把归期说》
春宵一刻值千金，花有清香月有阴。,苏轼《春宵·春宵一刻值千金》
身无彩凤双飞翼，心有灵犀一点通。,李商隐《无题·昨夜星辰昨夜风》
一日不见兮，思之如狂。,司马相如《凤求凰 / 琴歌》
少年不识愁滋味，爱上层楼。爱上层楼，为赋新词强说愁。,辛弃疾《丑奴儿·书博山道中壁》
春风得意马蹄疾，一日看尽长安花。,孟郊《登科后》
去年今日此门中，人面桃花相映红。,崔护《题都城南庄》
花自飘零水自流。一种相思，两处闲愁。,李清照《一剪梅·红藕香残玉簟秋》
宠辱不惊，闲看庭前花开花落；去留无意，漫随天外云卷云舒。,《菜根谭·概论》
君埋泉下泥销骨，我寄人间雪满头。,白居易《梦微之》
休对故人思故国，且将新火试新茶。诗酒趁年华。,苏轼《望江南·超然台作》
世间无限丹青手，一片伤心画不成。,高蟾《金陵晚望》
问世间，情是何物，直教生死相许？,元好问《摸鱼儿·雁丘词 / 迈陂塘》
一声梧叶一声秋，一点芭蕉一点愁，三更归梦三更后。,徐再思《水仙子·夜雨》
晓看天色暮看云，行也思君，坐也思君。,唐寅《一剪梅·雨打梨花深闭门》
滚滚长江东逝水，浪花淘尽英雄。,杨慎《临江仙·滚滚长江东逝水》
桃李春风一杯酒，江湖夜雨十年灯。,黄庭坚《寄黄几复》
林花谢了春红，太匆匆。无奈朝来寒雨晚来风。,李煜《相见欢·林花谢了春红》
毋意，毋必，毋固，毋我。,《论语·子罕篇》
人面不知何处去，桃花依旧笑春风。,崔护《题都城南庄》
抽刀断水水更流，举杯消愁愁更愁。,李白《宣州谢脁楼饯别校书叔云 / 陪侍御叔华登楼歌》
仰天大笑出门去，我辈岂是蓬蒿人。,李白《南陵别儿童入京》
执子之手，与子偕老。,佚名《击鼓》
一往情深深几许？深山夕照深秋雨。,纳兰性德《蝶恋花·出塞》
似此星辰非昨夜，为谁风露立中宵。,黄景仁《绮怀》
昨夜西风凋碧树，独上高楼，望尽天涯路。,晏殊《蝶恋花·槛菊愁烟兰泣露》
菩提本无树，明镜亦非台。,惠能《菩提偈》
行到水穷处，坐看云起时。,王维《终南别业 / 初至山中 / 入山寄城中故人》
此情可待成追忆？只是当时已惘然。,李商隐《锦瑟》
自在飞花轻似梦，无边丝雨细如愁。,秦观《浣溪沙·漠漠轻寒上小楼》
最是人间留不住，朱颜辞镜花辞树。,王国维《蝶恋花·阅尽天涯离别苦》
沾衣欲湿杏花雨，吹面不寒杨柳风。,志南《绝句》
劝君莫惜金缕衣，劝君惜取少年时。,杜秋娘《金缕衣》
疏影横斜水清浅，暗香浮动月黄昏。,林逋《山园小梅·其一》
近水楼台先得月，向阳花木易为春。,苏麟《断句》
一生大笑能几回，斗酒相逢须醉倒。,岑参《凉州馆中与诸判官夜集》
今人不见古时月，今月曾经照古人。,李白《把酒问月·故人贾淳令予问之》
夜月一帘幽梦，春风十里柔情。,秦观《八六子·倚危亭》
浮云一别后，流水十年间。,韦应物《淮上喜会梁川故人 / 淮上喜会梁州故人》
黄沙百战穿金甲，不破楼兰终不还。,王昌龄《从军行七首·其四》
若是前生未有缘，待重结、来生愿。,乐婉《卜算子·答施》
取次花丛懒回顾，半缘修道半缘君。,元稹《离思五首·其四》
时光只解催人老，不信多情，长恨离亭，泪滴春衫酒易醒。,晏殊《采桑子·时光只解催人老》
众里寻他千百度，蓦然回首，那人却在，灯火阑珊处。,辛弃疾《青玉案·元夕》
红酥手，黄縢酒，满城春色宫墙柳。,陆游《钗头凤·红酥手》
思悠悠，恨悠悠，恨到归时方始休。,白居易《长相思·汴水流》
落花人独立，微雨燕双飞。,晏几道《临江仙·梦后楼台高锁》
宁可枝头抱香死，何曾吹落北风中。,郑思肖《画菊》
我见青山多妩媚，料青山见我应如是。,辛弃疾《贺新郎·甚矣吾衰矣》
凤凰台上凤凰游，凤去台空江自流。,李白《登金陵凤凰台》
问君能有几多愁？恰似一江春水向东流。,李煜《虞美人·春花秋月何时了》
小楼一夜听春雨，深巷明朝卖杏花。,陆游《临安春雨初霁》
溪云初起日沉阁，山雨欲来风满楼。,许浑《咸阳城东楼 / 咸阳城西楼晚眺 / 西门》
直道相思了无益，未妨惆怅是清狂。,李商隐《无题·重帏深下莫愁堂》
空山新雨后，天气晚来秋。,王维《山居秋暝》
男儿何不带吴钩，收取关山五十州。,李贺《南园十三首·其五》
桃之夭夭，灼灼其华。,佚名《桃夭》
纸上得来终觉浅，绝知此事要躬行。,陆游《冬夜读书示子聿》
二十四桥明月夜，玉人何处教吹箫？,杜牧《寄扬州韩绰判官》
人间有味是清欢。,苏轼《浣溪沙·细雨斜风作晓寒》
待到秋来九月八，我花开后百花杀。,黄巢《不第后赋菊》
还君明珠双泪垂，恨不相逢未嫁时。,张籍《节妇吟·寄东平李司空师道》
君子有九思：视思明，听思聪，色思温，貌思恭，言思忠，事思敬，疑思问，忿思难，见得思义。,《论语·季氏篇》
月上柳梢头，人约黄昏后。,欧阳修《生查子·元夕》
天下熙熙，皆为利来；天下攘攘，皆为利往。,《史记·货殖列传》
寂寞空庭春欲晚，梨花满地不开门。,刘方平《春怨》
时人不识凌云木，直待凌云始道高。,杜荀鹤《小松》
人间四月芳菲尽，山寺桃花始盛开。,白居易《大林寺桃花》
不经一番寒彻骨，怎得梅花扑鼻香。,黄蘖禅师《上堂开示颂》
一骑红尘妃子笑，无人知是荔枝来。,杜牧《过华清宫绝句三首》
怕相思，已相思，轮到相思没处辞，眉间露一丝。,俞彦《长相思·折花枝》
青山一道同云雨，明月何曾是两乡。,王昌龄《送柴侍御》
青山依旧在，几度夕阳红。,杨慎《临江仙·滚滚长江东逝水》
江南无所有，聊赠一枝春。,陆凯《赠范晔诗》
试问岭南应不好，却道：此心安处是吾乡。,苏轼《少年游·南海归赠王定国侍人寓娘》
欲买桂花同载酒，终不似，少年游。,刘过《唐多令·芦叶满汀洲》
读书不觉已春深，一寸光阴一寸金。,王贞白《白鹿洞二首·其一》
天涯地角有穷时，只有相思无尽处。,晏殊《玉楼春·春恨》
人生天地之间，若白驹之过隙，忽然而已。,《庄子·外篇·知北游》
被酒莫惊春睡重，赌书消得泼茶香，当时只道是寻常。,纳兰性德《浣溪沙·谁念西风独自凉》
衣带渐宽终不悔，为伊消得人憔悴。,柳永《蝶恋花·伫倚危楼风细细》
人言落日是天涯，望极天涯不见家。,李觏《乡思》
苟利国家生死以，岂因祸福避趋之。,林则徐《赴戍登程口占示家人·其二》
十年磨一剑，霜刃未曾试。,贾岛《剑客 / 述剑》
当年不肯嫁春风，无端却被秋风误。,贺铸《芳心苦·杨柳回塘》
世事漫随流水，算来一梦浮生。,李煜《乌夜啼·昨夜风兼雨》
东风夜放花千树。更吹落、星如雨。,辛弃疾《青玉案·元夕》
江碧鸟逾白，山青花欲燃。,杜甫《绝句二首》
晚来天欲雪，能饮一杯无。,白居易《问刘十九》
泪眼问花花不语，乱红飞过秋千去。,欧阳修《蝶恋花·庭院深深深几许》
海上生明月，天涯共此时。,张九龄《望月怀远》
枯藤老树昏鸦，小桥流水人家，古道西风瘦马。,马致远《天净沙·秋思》
流光容易把人抛，红了樱桃，绿了芭蕉。,蒋捷《一剪梅·舟过吴江》
梅须逊雪三分白，雪却输梅一段香。,卢梅坡《雪梅·其一》
成事不说，遂事不谏，既往不咎。,《论语·八佾篇》
醉卧沙场君莫笑，古来征战几人回？,王翰《凉州词二首·其一》
日日思君不见君，共饮长江水。,李之仪《卜算子·我住长江头》
人生到处知何似，应似飞鸿踏雪泥。,苏轼《和子由渑池怀旧》
大鹏一日同风起，扶摇直上九万里。,李白《上李邕》
粗缯大布裹生涯，腹有诗书气自华。,苏轼《和董传留别》
莫愁前路无知己，天下谁人不识君。,高适《别董大二首》
把酒祝东风。且共从容。,欧阳修《浪淘沙·把酒祝东风》
落霞与孤鹜齐飞，秋水共长天一色。,王勃《滕王阁序》
风萧萧兮易水寒，壮士一去兮不复还。,佚名《荆轲歌 / 渡易水歌》
昭昭若日月之明，离离如星辰之行,《文心雕龙·宗经》
物是人非事事休，欲语泪先流。,李清照《武陵春·春晚》
世事短如春梦，人情薄似秋云。,朱敦儒《西江月·世事短如春梦》
换我心，为你心，始知相忆深。,顾夐《诉衷情·永夜抛人何处去》
同是天涯沦落人，相逢何必曾相识！,白居易《琵琶行 / 琵琶引》
沉舟侧畔千帆过，病树前头万木春。,刘禹锡《酬乐天扬州初逢席上见赠》
酒逢知己千杯少，话不投机半句多。,《明贤集·七言集》
伤心桥下春波绿，曾是惊鸿照影来。,陆游《沈园二首》
生当复来归，死当长相思。,佚名《留别妻》
从前种种，譬如昨日死；从后种种，譬如今日生,《了凡四训·立命之学》
独自莫凭栏，无限江山，别时容易见时难。,李煜《浪淘沙令·帘外雨潺潺》
往者不可谏，来者犹可追。,《论语·微子篇》
山外青山楼外楼，西湖歌舞几时休？,林升《题临安邸》
相思相见知何日？此时此夜难为情！,李白《三五七言 / 秋风词》
我欲穿花寻路，直入白云深处，浩气展虹霓。,黄庭坚《水调歌头·游览》
无可奈何花落去，似曾相识燕归来。,晏殊《浣溪沙·一曲新词酒一杯》
井蛙不可以语于海者，拘于虚也；夏虫不可以语于冰者，笃于时也,《庄子·外篇·秋水》
采得百花成蜜后，为谁辛苦为谁甜。,罗隐《蜂》
金风玉露一相逢，便胜却人间无数。,秦观《鹊桥仙·纤云弄巧》
年年岁岁花相似，岁岁年年人不同。,刘希夷《代悲白头翁 / 白头吟 / 有所思》
露从今夜白，月是故乡明。,杜甫《月夜忆舍弟》
春风十里扬州路，卷上珠帘总不如。,杜牧《赠别》
锦瑟无端五十弦，一弦一柱思华年。,李商隐《锦瑟》
美人自刎乌江岸，战火曾烧赤壁山，将军空老玉门关。,张可久《卖花声·怀古》
闻君有两意，故来相决绝。,卓文君《白头吟》
多情自古伤离别，更那堪冷落清秋节！,柳永《雨霖铃·寒蝉凄切》
花间一壶酒，独酌无相亲。,李白《月下独酌四首·其一》
青青子衿，悠悠我心。,佚名《子衿》
落红不是无情物，化作春泥更护花。,龚自珍《己亥杂诗·其五》
韶华不为少年留，恨悠悠，几时休？,秦观《江城子·西城杨柳弄春柔》
世人结交须黄金，黄金不多交不深。,张谓《题长安壁主人》
竹外桃花三两枝，春江水暖鸭先知。,苏轼《惠崇春江晚景 / 惠崇春江晓景》
若教眼底无离恨，不信人间有白头。,辛弃疾《鹧鸪天·晚日寒鸦一片愁》
羡青山有思，白鹤忘机。,汤恢《八声甘州·摘青梅荐酒》
长风破浪会有时，直挂云帆济沧海。,李白《行路难·其一》
酒入愁肠，化作相思泪。,范仲淹《苏幕遮·怀旧》
我有一瓢酒，可以慰风尘。,韦应物《简卢陟》
渐行渐远渐无书，水阔鱼沉何处问。,欧阳修《玉楼春·别后不知君远近》
射人先射马，擒贼先擒王。,杜甫《前出塞九首·其六》
夕阳无限好，只是近黄昏。,李商隐《乐游原 / 登乐游原》
盈盈一水间，脉脉不得语。,佚名《迢迢牵牛星》
人闲桂花落，夜静春山空。,王维《鸟鸣涧》
大江东去，浪淘尽，千古风流人物。,苏轼《念奴娇·赤壁怀古》
心似双丝网，中有千千结。,张先《千秋岁·数声鶗鴂》
三十功名尘与土，八千里路云和月。,岳飞《满江红·写怀》
白日放歌须纵酒，青春作伴好还乡。,杜甫《闻官军收河南河北》
愿得此身长报国，何须生入玉门关。,戴叔伦《塞上曲二首·其二》
位卑未敢忘忧国，事定犹须待阖棺。,陆游《病起书怀》
无边落木萧萧下，不尽长江滚滚来。,杜甫《登高》
他年我若为青帝，报与桃花一处开。,黄巢《题菊花》
流水落花春去也，天上人间。,李煜《浪淘沙令·帘外雨潺潺》
春蚕到死丝方尽，蜡炬成灰泪始干。,李商隐《无题·相见时难别亦难》
月有盈亏花有开谢，想人生最苦离别。,张鸣善《普天乐·咏世》
系我一生心，负你千行泪。,柳永《忆帝京·薄衾小枕凉天气》
红豆生南国，春来发几枝。,王维《相思》
山一程，水一程，身向榆关那畔行，夜深千帐灯。,纳兰性德《长相思·山一程》
知否，知否？应是绿肥红瘦。,李清照《如梦令·昨夜雨疏风骤》
少年听雨歌楼上。红烛昏罗帐。,蒋捷《虞美人·听雨》
天长地久有时尽，此恨绵绵无绝期。,白居易《长恨歌》
夜阑卧听风吹雨，铁马冰河入梦来。,陆游《十一月四日风雨大作》
以人言善我，必以人言罪我。,《韩非子·说林上》
关关雎鸠，在河之洲。窈窕淑女，君子好逑。,佚名《关雎》
夜来幽梦忽还乡，小轩窗，正梳妆。相顾无言，惟有泪千行。,苏轼《江城子·乙卯正月二十日夜记梦》
兰有秀兮菊有芳，怀佳人兮不能忘。,刘彻《秋风辞》
莫唱当年长恨歌，人间亦自有银河。,袁枚《马嵬》
上善若水，水善利万物而不争。,《老子·道经·第八章》
少年易老学难成，一寸光阴不可轻。,朱熹《劝学诗 / 偶成》
遇酒且呵呵，人生能几何！,韦庄《菩萨蛮·劝君今夜须沈醉》
松花酿酒，春水煎茶。,张可久《人月圆·山中书事》
呜呼！楚虽三户能亡秦，岂有堂堂中国空无人！,陆游《金错刀行》
相见时难别亦难，东风无力百花残。,李商隐《无题·相见时难别亦难》
相思只在，丁香枝上，豆蔻梢头。,王雱《眼儿媚·杨柳丝丝弄轻柔》
月落乌啼霜满天，江枫渔火对愁眠。,张继《枫桥夜泊 / 夜泊枫江》
花无人戴，酒无人劝，醉也无人管。,黄公绍《青玉案·年年社日停针线》
天街小雨润如酥，草色遥看近却无。,韩愈《早春呈水部张十八员外 / 初春小雨 / 早春》
独立寒秋，湘江北去，橘子洲头。,毛泽东《沁园春·长沙》
昨夜星辰昨夜风，画楼西畔桂堂东。,李商隐《无题·昨夜星辰昨夜风》
思君如满月，夜夜减清辉。,张九龄《赋得自君之出矣》
秦时明月汉时关，万里长征人未还。,王昌龄《出塞二首·其一》
海水梦悠悠，君愁我亦愁。,佚名《西洲曲》
云中谁寄锦书来，雁字回时，月满西楼。,李清照《一剪梅·红藕香残玉簟秋》
渺万里层云，千山暮雪，只影向谁去？,元好问《摸鱼儿·雁丘词 / 迈陂塘》
春水碧于天，画船听雨眠。,韦庄《菩萨蛮·人人尽说江南好》
春风又绿江南岸，明月何时照我还？,王安石《泊船瓜洲》
旧时王谢堂前燕，飞入寻常百姓家。,刘禹锡《乌衣巷》
愿为西南风，长逝入君怀。,曹植《七哀诗》
知我者，谓我心忧；不知我者，谓我何求。,佚名《黍离》
小舟从此逝，江海寄余生。,苏轼《临江仙·夜饮东坡醒复醉》
东边日出西边雨，道是无晴却有晴。,刘禹锡《竹枝词二首·其一》
江南可采莲，莲叶何田田。,佚名《江南》
桃李不言，下自成蹊。,《史记·李将军列传》
力拔山兮气盖世。时不利兮骓不逝。,项羽《垓下歌》
衰兰送客咸阳道，天若有情天亦老。,贺铸《金铜仙人辞汉歌》
美人自古如名将，不许人间见白头。,《随园诗话·卷四》
春江潮水连海平，海上明月共潮生。,张若虚《春江花月夜》
南风知我意，吹梦到西洲。,佚名《西洲曲》
侯门一入深如海，从此萧郎是路人。,崔郊《赠去婢》
十年一觉扬州梦，赢得青楼薄幸名。,杜牧《遣怀》
弱水三千，我只取一瓢饮。,《红楼梦·第九十一回》
危楼高百尺，手可摘星辰。,李白《夜宿山寺》
等闲识得东风面，万紫千红总是春。,朱熹《春日》
愿我如星君如月，夜夜流光相皎洁。,范成大《车遥遥篇》
万事到头都是梦，休休。明日黄花蝶也愁。,苏轼《南乡子·重九涵辉楼呈徐君猷》
狡兔死，走狗烹；飞鸟尽，良弓藏；敌国破，谋臣亡。,《资治通鉴·汉纪三》
结发为夫妻，恩爱两不疑。,佚名《留别妻》
世情薄，人情恶，雨送黄昏花易落。,唐婉《钗头凤·世情薄》
一道残阳铺水中，半江瑟瑟半江红。,白居易《暮江吟》
水是眼波横，山是眉峰聚。,王观《卜算子·送鲍浩然之浙东》
谁念西风独自凉，萧萧黄叶闭疏窗，沉思往事立残阳。,纳兰性德《浣溪沙·谁念西风独自凉》
寻寻觅觅，冷冷清清，凄凄惨惨戚戚。,李清照《声声慢·寻寻觅觅》
宣父犹能畏后生，丈夫未可轻年少。,李白《上李邕》
欲把相思说似谁，浅情人不知。,晏几道《长相思·长相思》
枝上柳绵吹又少。天涯何处无芳草。,苏轼《蝶恋花·春景》
蝉噪林逾静，鸟鸣山更幽。,王籍《入若耶溪》
泉涸，鱼相与处于陆，相呴以湿，相濡以沫，不如相忘于江湖。,《庄子·内篇·大宗师》
迟日江山丽，春风花草香。,杜甫《绝句二首》
美人卷珠帘，深坐颦蛾眉。,李白《怨情》
山重水复疑无路，柳暗花明又一村。,陆游《游山西村》
当时明月在，曾照彩云归。,晏几道《临江仙·梦后楼台高锁》
星垂平野阔，月涌大江流。,杜甫《旅夜书怀》
南朝四百八十寺，多少楼台烟雨中。,杜牧《江南春》
多情只有春庭月，犹为离人照落花。,张泌《寄人》
合抱之木，生于毫末；九层之台，起于累土；千里之行，始于足下。,《老子·德经·第六十四章》
出师未捷身先死，长使英雄泪满襟。,杜甫《蜀相》
祸不妄至，福不徒来。,《史记·龟策列传》
满目山河空念远，落花风雨更伤春。,晏殊《浣溪沙·一向年光有限身》
我是人间惆怅客，知君何事泪纵横，断肠声里忆平生。,纳兰性德《浣溪沙·残雪凝辉冷画屏》
昔去雪如花，今来花似雪。,范云《别诗》
秋阴不散霜飞晚，留得枯荷听雨声。,李商隐《宿骆氏亭寄怀崔雍崔衮》
我住长江头，君住长江尾。,李之仪《卜算子·我住长江头》
咬定青山不放松，立根原在破岩中。,郑燮《竹石》
绿杨烟外晓寒轻，红杏枝头春意闹。,宋祁《玉楼春·春景》
洛阳亲友如相问，一片冰心在玉壶。,王昌龄《芙蓉楼送辛渐》
大方无隅；大器晚成；大音希声；大象无形,《老子·德经·第四十一章》
自是人生长恨水长东。,李煜《相见欢·林花谢了春红》
众口铄金，积毁销骨。,《史记·张仪列传》
草木有本心，何求美人折！,张九龄《感遇十二首·其一》
盛年不重来，一日难再晨。,陶渊明《杂诗·人生无根蒂》
嫦娥应悔偷灵药，碧海青天夜夜心。,李商隐《嫦娥》
柴门闻犬吠，风雪夜归人。,刘长卿《逢雪宿芙蓉山主人》
兰生幽谷，不为莫服而不芳。舟在江海，不为莫乘而不浮。君子行义，不为莫知而止休。,《淮南子·说山训》
天生我材必有用，千金散尽还复来。,李白《将进酒》
一双冷眼看世人，满腔热血酬知己。,《随园诗话·卷十六》
绿蚁新醅酒，红泥小火炉。,白居易《问刘十九》
黑发不知勤学早，白首方悔读书迟。,颜真卿《劝学诗》
君子和而不同，小人同而不和。,《论语·子路篇》
落叶他乡树，寒灯独夜人。,马戴《灞上秋居》
劝君更尽一杯酒，西出阳关无故人。,王维《渭城曲 / 送元二使安西》
春心莫共花争发，一寸相思一寸灰！,李商隐《无题·飒飒东风细雨来》
小荷才露尖尖角，早有蜻蜓立上头。,杨万里《小池》
及时当勉励，岁月不待人。,陶渊明《杂诗·人生无根蒂》
采菊东篱下，悠然见南山。,陶渊明《饮酒·其五》
欲寄彩笺兼尺素，山长水阔知何处？,晏殊《蝶恋花·槛菊愁烟兰泣露》
一点浩然气，千里快哉风。,苏轼《水调歌头·黄州快哉亭赠张偓佺》
应是天仙狂醉，乱把白云揉碎。,李白《清平乐·画堂晨起》
大漠孤烟直，长河落日圆。,王维《使至塞上》
巧笑倩兮，美目盼兮，素以为绚兮。,《论语·八佾篇》
肠已断，泪难收。相思重上小红楼。,辛弃疾《鹧鸪天·晚日寒鸦一片愁》
君子不器。,《论语·为政篇》
草长莺飞二月天，拂堤杨柳醉春烟。,高鼎《村居》
凭君莫话封侯事，一将功成万骨枯。,曹松《己亥岁感事》
枕上诗书闲处好，门前风景雨来佳。,李清照《摊破浣溪沙·病起萧萧两鬓华》
此情无计可消除，才下眉头，却上心头。,李清照《一剪梅·红藕香残玉簟秋》
岂曰无衣？与子同袍。,佚名《秦风·无衣》
远看山有色，近听水无声。,王维《画》
七八个星天外，两三点雨山前。,辛弃疾《西江月·夜行黄沙道中》
近乡情更怯，不敢问来人。,宋之问《渡汉江》
曾与美人桥上别，恨无消息到今朝。,刘禹锡《杨柳枝 / 柳枝词》
北方有佳人，绝世而独立。,李延年《李延年歌》
我有所念人，隔在远远乡。,白居易《夜雨》
人生亦有命，安能行叹复坐愁？,鲍照《拟行路难·其四》
朔风如解意，容易莫摧残。,崔道融《梅花》
海棠未雨，梨花先雪，一半春休。,王雱《眼儿媚·杨柳丝丝弄轻柔》
无情不似多情苦。一寸还成千万缕。,晏殊《玉楼春·春恨》
只解沙场为国死，何须马革裹尸还。,徐锡麟《出塞》
水光潋滟晴方好，山色空蒙雨亦奇。,苏轼《饮湖上初晴后雨二首·其二》
质胜文则野，文胜质则史，文质彬彬，然后君子。,《论语·雍也篇》
三更灯火五更鸡，正是男儿读书时。,颜真卿《劝学诗》
沧海月明珠有泪，蓝田日暖玉生烟。,李商隐《锦瑟》
何须浅碧深红色，自是花中第一流。,李清照《鹧鸪天·桂花》
我也不登天子船，我也不上长安眠。,唐寅《把酒对月歌》
君问归期未有期，巴山夜雨涨秋池。,李商隐《夜雨寄北》
海内存知己，天涯若比邻。,王勃《送杜少府之任蜀州 / 送杜少府之任蜀川》
以色事他人，能得几时好。,李白《妾薄命》
天地有万古，此身不再得；人生只百年，此日最易过。,《菜根谭·概论》
此生谁料，心在天山，身老沧洲。,陆游《诉衷情·当年万里觅封侯》
风乍起，吹皱一池春水。,冯延巳《谒金门·风乍起》
葡萄美酒夜光杯，欲饮琵琶马上催。,王翰《凉州词二首·其一》
羌笛何须怨杨柳，春风不度玉门关。,王之涣《凉州词二首·其一》
冰雪林中著此身，不同桃李混芳尘；,王冕《白梅》
千山鸟飞绝，万径人踪灭。,柳宗元《江雪》
慎终如始，则无败事。,《老子·德经·第六十四章》
劝君莫惜花前醉，今年花谢，明年花谢，白了人头。,赵秉文《青杏儿·风雨替花愁》
莫道不销魂，帘卷西风，人比黄花瘦。,李清照《醉花阴·薄雾浓云愁永昼》
故人西辞黄鹤楼，烟花三月下扬州。,李白《黄鹤楼送孟浩然之广陵》
一别都门三改火，天涯踏尽红尘。,苏轼《临江仙·送钱穆父》
自古逢秋悲寂寥，我言秋日胜春朝。,刘禹锡《秋词》
人到情多情转薄，而今真个不多情。,纳兰性德《山花子·风絮飘残已化萍》
会当凌绝顶，一览众山小。,杜甫《望岳》
明月出天山，苍茫云海间。,李白《关山月》
人似秋鸿来有信，事如春梦了无痕。,苏轼《正月二十日与潘郭二生出郊寻春忽记去年是日同至女王城作诗乃和前韵》
兰陵美酒郁金香，玉碗盛来琥珀光。,李白《客中行 / 客中作》
春潮带雨晚来急，野渡无人舟自横。,韦应物《滁州西涧》
墙外行人，墙里佳人笑。,苏轼《蝶恋花·春景》
谁家玉笛暗飞声，散入春风满洛城。,李白《春夜洛城闻笛 / 春夜洛阳城闻笛》
人生自古谁无死？留取丹心照汗青。,文天祥《过零丁洋》
满堂花醉三千客，一剑霜寒十四州。,贯休《献钱尚父》
缺月挂疏桐，漏断人初静。,苏轼《卜算子·黄州定慧院寓居作》
明月几时有？把酒问青天。,苏轼《水调歌头·丙辰中秋》
接天莲叶无穷碧，映日荷花别样红。,杨万里《晓出净慈寺送林子方》
松树千年终是朽，槿花一日自为荣。,白居易《放言五首·其五》
不患无位，患所以立。不患莫己知，求为可知也。,《论语·里仁篇》
明月松间照，清泉石上流。,王维《山居秋暝》
水晶帘动微风起，满架蔷薇一院香。,高骈《山亭夏日》
水至清则无鱼，人至察则无徒。,《汉书·传·东方朔传》
借问江潮与海水，何似君情与妾心？,白居易《浪淘沙·借问江潮与海水》
君知妾有夫，赠妾双明珠。,张籍《节妇吟·寄东平李司空师道》
商女不知亡国恨，隔江犹唱后庭花。,杜牧《泊秦淮》
相思了无益，悔当初相见。,朱彝尊《忆少年·飞花时节》
今夜月明人尽望，不知秋思落谁家。,王建《十五夜望月寄杜郎中》
连雨不知春去，一晴方觉夏深。,范成大《喜晴》
若待上林花似锦，出门俱是看花人。,杨巨源《城东早春》
一蓑烟雨任平生。,苏轼《定风波·莫听穿林打叶声》
千人之诺诺，不如一士之谔谔。,《史记·商君列传》
花褪残红青杏小。燕子飞时，绿水人家绕。,苏轼《蝶恋花·春景》
知人者智，自知者明。胜人者有力，自胜者强。,《老子·道经·第三十三章》
十步杀一人，千里不留行。,李白《侠客行》
古人学问无遗力，少壮工夫老始成。,陆游《冬夜读书示子聿》
垂死病中惊坐起，暗风吹雨入寒窗。,元稹《闻乐天授江州司马》
见贤思齐焉，见不贤而内自省也。,《论语·里仁篇》
想当年，金戈铁马，气吞万里如虎。,辛弃疾《永遇乐·京口北固亭怀古》
柳庭风静人眠昼，昼眠人静风庭柳。,苏轼《菩萨蛮·回文夏闺怨》
玩人丧德，玩物丧志。,《尚书·周书·旅獒》
但愿人长久，千里共婵娟。,苏轼《水调歌头·丙辰中秋》
江山代有才人出，各领风骚数百年。,赵翼《论诗五首·其二》
天将降大任于是人也，必先苦其心志，劳其筋骨，饿其体肤，空乏其身，行拂乱其所为。,《孟子·告子章句下·第十五节》
妆罢低声问夫婿，画眉深浅入时无。,朱庆馀《近试上张籍水部 / 近试上张水部 / 闺意献张水部》
孤舟蓑笠翁，独钓寒江雪。,柳宗元《江雪》
大漠沙如雪，燕山月似钩。,李贺《马诗二十三首·其五》
试玉要烧三日满，辨材须待七年期。,白居易《放言五首·其三》
自知者不怨人，知命者不怨天；怨人者穷，怨天者无志。,《荀子·荣辱》
忽见陌头杨柳色，悔教夫婿觅封侯。,王昌龄《闺怨》
相逢一醉是前缘，风雨散、飘然何处。,苏轼《鹊桥仙·七夕》
青山隐隐水迢迢，秋尽江南草未凋。,杜牧《寄扬州韩绰判官》
若似月轮终皎洁，不辞冰雪为卿热。,纳兰性德《蝶恋花·辛苦最怜天上月》
墙角数枝梅，凌寒独自开。,王安石《梅花 / 梅》
今朝有酒今朝醉，明日愁来明日愁。,罗隐《自遣》
萧萧梧叶送寒声，江上秋风动客情。,叶绍翁《夜书所见》
多情却被无情恼，今夜还如昨夜长。,元好问《鹧鸪天·候馆灯昏雨送凉》
去年花里逢君别，今日花开已一年。,韦应物《寄李儋元锡》
长恨此身非我有，何时忘却营营。,苏轼《临江仙·夜饮东坡醒复醉》
梨花院落溶溶月，柳絮池塘淡淡风。,晏殊《无题·油壁香车不再逢》
千淘万漉虽辛苦，吹尽狂沙始到金。,刘禹锡《浪淘沙九首》
人情反复，世路崎岖。,《菜根谭·概论》
日暮苍山远，天寒白屋贫。,刘长卿《逢雪宿芙蓉山主人》
两个黄鹂鸣翠柳，一行白鹭上青天。,杜甫《绝句》
有情芍药含春泪，无力蔷薇卧晓枝。,秦观《春日》
忽如一夜春风来，千树万树梨花开。,岑参《白雪歌送武判官归京》
稻花香里说丰年。听取蛙声一片。,辛弃疾《西江月·夜行黄沙道中》
醉里挑灯看剑，梦回吹角连营。,辛弃疾《破阵子·为陈同甫赋壮词以寄之》
吾十有五而志于学，三十而立，四十而不惑，五十而知天命，六十而耳顺，七十而从心所欲，不逾矩。,《论语·为政篇》
燕子来时新社，梨花落后清明。,晏殊《破阵子·春景》
江南几度梅花发，人在天涯鬓已斑。,刘著《鹧鸪天·雪照山城玉指寒》
居逆境中，周身皆针砭药石，砥节砺行而不觉；处顺境内，眼前尽兵刃戈矛，销膏靡骨而不知。,《菜根谭·概论》
夫轻诺必寡信，多易必多难。,《老子·德经·第六十三章》
相恨不如潮有信，相思始觉海非深。,白居易《浪淘沙·借问江潮与海水》
宁为百夫长，胜作一书生。,杨炯《从军行》
小楼昨夜又东风，故国不堪回首月明中。,李煜《虞美人·春花秋月何时了》
春生、夏长、秋收、冬藏，天之正也。,《鬼谷子·持枢》
欲把西湖比西子，淡妆浓抹总相宜。,苏轼《饮湖上初晴后雨二首·其二》
身既死兮神以灵，魂魄毅兮为鬼雄。,屈原《国殇》
乱花渐欲迷人眼，浅草才能没马蹄。,白居易《钱塘湖春行》
少无适俗韵，性本爱丘山。,陶渊明《归园田居·其一》
江畔何人初见月？江月何年初照人？,张若虚《春江花月夜》
爆竹声中一岁除，春风送暖入屠苏。,王安石《元日》
浮生只合尊前老。雪满长安道。,舒亶《虞美人·寄公度》
宁不知倾城与倾国。佳人难再得。,李延年《李延年歌》
遇沉沉不语之士，且莫输心；见悻悻自好之人，应须防口。,《菜根谭·概论》
君子求诸己，小人求诸人。,《论语·卫灵公篇》
风一更，雪一更，聒碎乡心梦不成，故园无此声。,纳兰性德《长相思·山一程》
诚知此恨人人有，贫贱夫妻百事哀。,元稹《遣悲怀三首·其二》
尔曹身与名俱灭，不废江河万古流。,杜甫《戏为六绝句·其二》
南国有佳人，容华若桃李。,曹植《杂诗·南国有佳人》
天平山上白云泉，云自无心水自闲。,白居易《白云泉》
日出江花红胜火，春来江水绿如蓝。,白居易《忆江南·江南好》
楼船夜雪瓜洲渡，铁马秋风大散关。,陆游《书愤五首·其一》
世事洞明皆学问，人情练达即文章。,《红楼梦·第五回》
易求无价宝，难得有心郎。,鱼玄机《赠邻女 / 寄李亿员外》
生当作人杰，死亦为鬼雄。,李清照《夏日绝句》
春城无处不飞花，寒食东风御柳斜。,韩翃《寒食 / 寒食日即事》
迢迢牵牛星，皎皎河汉女。,佚名《迢迢牵牛星》
执手相看泪眼，竟无语凝噎。,柳永《雨霖铃·寒蝉凄切》
举杯邀明月，对影成三人。,李白《月下独酌四首·其一》
我醉欲眠卿且去，明朝有意抱琴来。,李白《山中与幽人对酌》
不畏浮云遮望眼，自缘身在最高层。,王安石《登飞来峰》
皑如山上雪，皎若云间月。,卓文君《白头吟》
天阶夜色凉如水，卧看牵牛织女星。,杜牧《秋夕》
窈窕淑女，君子好逑。,佚名《关雎》
离离原上草，一岁一枯荣。,白居易《草 / 赋得古原草送别》
疾风知劲草，板荡识诚臣。,李世民《赐萧瑀》
野旷天低树，江清月近人。,孟浩然《宿建德江》
好雨知时节，当春乃发生。,杜甫《春夜喜雨》
知者乐水，仁者乐山。,《论语·雍也篇》
人生不相见，动如参与商。,杜甫《赠卫八处士》
穷则独善其身，达则兼善天下。,《孟子·尽心章句上·第九节》
日啖荔枝三百颗，不辞长作岭南人。,苏轼《惠州一绝》
博观而约取，厚积而薄发,苏轼《稼说送张琥》
共敌不如分敌，敌阳不如敌阴。,《三十六计·围魏救赵》
欲买桂花同载酒，终不似，少年游。,刘过《唐多令·芦叶满汀洲》
梦里不知身是客，一晌贪欢。,李煜《浪淘沙令·帘外雨潺潺》
黄梅时节家家雨，青草池塘处处蛙。,赵师秀《约客 / 有约》
鸟宿池边树，僧敲月下门。,贾岛《题李凝幽居》
秋风起兮白云飞，草木黄落兮雁南归。,刘彻《秋风辞》
人弃我取，人取我与。,《史记·货殖列传》
无言独上西楼，月如钩。寂寞梧桐深院锁清秋。,李煜《相见欢·无言独上西楼》
青青园中葵，朝露待日晞。,佚名《长歌行》
此生此夜不长好，明月明年何处看。,苏轼《阳关曲 / 中秋月》
娶妻无媒毋须恨，书中有女颜如玉。,赵恒《劝学诗》
我寄愁心与明月，随君直到夜郎西。,李白《闻王昌龄左迁龙标遥有此寄》
山远天高烟水寒，相思枫叶丹。,李煜《长相思·一重山》
昆山玉碎凤凰叫，芙蓉泣露香兰笑。,李贺《李凭箜篌引》
莫道桑榆晚，为霞尚满天。,刘禹锡《酬乐天咏老见示》
九州生气恃风雷，万马齐喑究可哀。,龚自珍《己亥杂诗·其二百二十》
千里莺啼绿映红，水村山郭酒旗风。,杜牧《江南春》
青鸟不传云外信，丁香空结雨中愁。,李璟《摊破浣溪沙·手卷真珠上玉钩》
益者三友，损者三友。友直、友谅、友多闻，益矣；友便辟、友善柔、友便佞，损矣。,《论语·季氏篇》
一壶酒，一竿身，快活如侬有几人。,李煜《渔父·浪花有意千里雪》
新竹高于旧竹枝，全凭老干为扶持。,郑燮《新竹》
毕竟西湖六月中，风光不与四时同。,杨万里《晓出净慈寺送林子方》
西塞山前白鹭飞，桃花流水鳜鱼肥。,张志和《渔歌子·西塞山前白鹭飞》
江流天地外，山色有无中。,王维《汉江临泛 / 汉江临眺》
黄河远上白云间，一片孤城万仞山。,王之涣《凉州词二首·其一》
恨君不似江楼月，南北东西，南北东西，只有相随无别离。,吕本中《采桑子·恨君不似江楼月》
有三秋桂子，十里荷花。,柳永《望海潮·东南形胜》
唯有门前镜湖水，春风不改旧时波。,贺知章《回乡偶书二首》
日色欲尽花含烟，月明欲素愁不眠。,李白《长相思·其二》
恰同学少年，风华正茂；书生意气，挥斥方遒。,毛泽东《沁园春·长沙》
漠漠水田飞白鹭，阴阴夏木啭黄鹂。,王维《积雨辋川庄作 / 秋归辋川庄作》
山中何事？松花酿酒，春水煎茶。,张可久《人月圆·山中书事》
相思相望不相亲，天为谁春。,纳兰性德《画堂春·一生一代一双人》
来如风雨，去似微尘。,《增广贤文·上集》
但使龙城飞将在，不教胡马度阴山。,王昌龄《出塞二首》
人生天地间，忽如远行客。,佚名《青青陵上柏》
诗酒趁年华。,苏轼《望江南·超然台作》
山不在高，有仙则名。水不在深，有龙则灵。,刘禹锡《陋室铭》
君子坦荡荡，小人长戚戚。,《论语·述而篇》
平生不下泪，于此泣无穷。,李白《江夏别宋之悌》
操千曲而后晓声，观千剑而后识器。,《文心雕龙·知音》
黑云翻墨未遮山，白雨跳珠乱入船。,苏轼《六月二十七日望湖楼醉书》
功名万里外，心事一杯中。,高适《送李侍御赴安西》
中秋谁与共孤光。把盏凄然北望。,苏轼《西江月·世事一场大梦》
胜日寻芳泗水滨，无边光景一时新。,朱熹《春日》
庭前落尽梧桐，水边开彻芙蓉。,朱庭玉《天净沙·秋》
情人怨遥夜，竟夕起相思。,张九龄《望月怀远》
昔我往矣，杨柳依依。,佚名《采薇》
谁道人生无再少？门前流水尚能西！休将白发唱黄鸡。,苏轼《浣溪沙·游蕲水清泉寺》
相看两不厌，只有敬亭山。,李白《独坐敬亭山》
老夫聊发少年狂，左牵黄，右擎苍，锦帽貂裘，千骑卷平冈。,苏轼《江城子·密州出猎》
青海长云暗雪山，孤城遥望玉门关。,王昌龄《从军行七首·其四》
一片春愁待酒浇。江上舟摇，楼上帘招。,蒋捷《一剪梅·舟过吴江》
相见争如不见，多情何似无情。,司马光《西江月·宝髻松松挽就》
人生得意须尽欢，莫使金樽空对月。,李白《将进酒》
人情似纸张张薄，世事如棋局局新。,《增广贤文·上集》
蒹葭苍苍，白露为霜。,佚名《蒹葭》
不茶不饭，不言不语，一味供他憔悴。,蜀妓《鹊桥仙·说盟说誓》
停车坐爱枫林晚，霜叶红于二月花。,杜牧《山行》
鸟之将死，其鸣也哀；人之将死，其言也善。,《论语·泰伯篇》
文章做到极处，无有他奇，只是恰好；人品做到极处，无有他异，只是本然。,《菜根谭·概论》
山随平野尽，江入大荒流。,李白《渡荆门送别》
乱山残雪夜，孤烛异乡人。,崔涂《除夜 / 巴山道中除夜书怀 / 除夜有怀》
可怜无定河边骨，犹是春闺梦里人。,陈陶《陇西行四首》
一寸柔肠情几许？薄衾孤枕，梦回人静，彻晓潇潇雨。,惠洪《青玉案·丝槐烟柳长亭路》
路漫漫其修远兮，吾将上下而求索。,屈原《离骚》
莫笑贱贫夸富贵，共成枯骨两何如？,白居易《放言五首·其四》
舞低杨柳楼心月，歌尽桃花扇底风。,晏几道《鹧鸪天·彩袖殷勤捧玉钟》
当断不断，反受其乱。,《史记·齐悼惠王世家》
造物无言却有情，每于寒尽觉春生。,张维屏《新雷》
孤灯不明思欲绝，卷帷望月空长叹。,李白《长相思·其一》
感时花溅泪，恨别鸟惊心。,杜甫《春望》
银烛秋光冷画屏，轻罗小扇扑流萤。,杜牧《秋夕》
云母屏风烛影深，长河渐落晓星沉。,李商隐《嫦娥》
飒飒东风细雨来，芙蓉塘外有轻雷。,李商隐《无题·飒飒东风细雨来》
夫严家无悍虏，而慈母有败子。,《韩非子·显学》
墙里秋千墙外道。墙外行人，墙里佳人笑。,苏轼《蝶恋花·春景》
一朵芙蕖，开过尚盈盈。,苏轼《江神子·江景》
人生一世，草长一春。,《增广贤文·上集》
金阙晓钟开万户，玉阶仙仗拥千官。,岑参《奉和中书舍人贾至早朝大明宫》
虽有嘉肴，弗食，不知其旨也；虽有至道，弗学，不知其善也。,戴圣《虽有嘉肴》
垂杨紫陌洛城东。,欧阳修《浪淘沙·把酒祝东风》
好梦欲成还又觉，绿窗但觉莺啼晓。,施耐庵《蝶恋花·一别家山音信杳》
江南春尽离肠断，苹满汀洲人未归。,寇准《江南春·波渺渺》
十里长街市井连，月明桥上看神仙。,张祜《纵游淮南》
上智不教而成，下愚虽教无益，中庸之人，不教不知也。,《颜氏家训·教子篇》
高田如楼梯，平田如棋局。,杨慎《出郊》
玉楼深锁薄情种。清夜悠悠谁共。,秦观《桃源忆故人·玉楼深锁薄情种》
名无细而不闻，行无隐而不彰。,《列女传·节义传·周主忠妾》
黄昏庭院柳啼鸦，记得那人，和月折梨花。,陈亮《虞美人·东风荡飏轻云缕》
明年岂无年，心事恐蹉跎。,苏轼《守岁》
凭阑半日独无言，依旧竹声新月似当年。,李煜《虞美人·风回小院庭芜绿》
日出扶桑一丈高，人间万事细如毛。,刘叉《偶书》
生生死死，非物非我，皆命也，智之所无柰何。,《列子·力命》
放眼暮江千顷，中有离愁万斛，无处落征鸿。,杨炎正《水调歌头·把酒对斜日》
尽信书，则不如无书。,《孟子·尽心章句下·第三节》
妇人依倚子与夫，同居贫贱心亦舒。,张籍《征妇怨》
墙角数枝梅，凌寒独自开。,王安石《梅花 / 梅》
等闲妨了绣功夫，笑问鸳鸯两字怎生书？,欧阳修《南歌子·凤髻金泥带》
一番荷芰生池沼，槛前风送馨香。,尹鹗《临江仙·一番荷芰生池沼》
日月光华，旦复旦兮。,佚名《卿云歌》
木兰花在，山僧试问，知为谁开？,徐再思《人月圆·甘露怀古》
学如不及，犹恐失之。,《论语·泰伯篇》
聪明了一世，憎懂在一时。,《警世通言·卷三》
学而时习之，不亦说乎？,佚名《论语十则》
四顾山光接水光，凭栏十里芰荷香。,黄庭坚《鄂州南楼书事》
星点点，月团团。倒流河汉入杯盘。,刘著《鹧鸪天·雪照山城玉指寒》
自去自来堂上燕，相亲相近水中鸥。,杜甫《江村》
为谁醉倒为谁醒，到今犹恨轻离别。,吕本中《踏莎行·雪似梅花》
七月流火，九月授衣。,佚名《七月》
作人无一点真恳的念头，便成个花子，事事皆虚,《菜根谭·概论》
谁言寸草心，报得三春晖。,孟郊《游子吟 / 迎母漂上作》
莲子已成荷叶老。青露洗、蘋花汀草。,李清照《怨王孙·湖上风来波浩渺》
一畦春韭绿，十里稻花香。,曹雪芹《菱荇鹅儿水》
茶有九难：一曰造，二曰别，三曰器，四曰火，五曰水，六曰炙，七曰末，八曰煮，九曰饮。,《茶经·六之饮》
云霞出海曙，梅柳渡江春。,杜审言《和晋陵陆丞早春游望》
采莲南塘秋，莲花过人头。,佚名《西洲曲》
腹中贮书一万卷，不肯低头在草莽。,李颀《送陈章甫》
雨荒深院菊，霜倒半池莲。,杜甫《宿赞公房》
怒涛卷霜雪，天堑无涯。,柳永《望海潮·东南形胜》
别来不寄一行书。寻常相见了，犹道不如初。,晁冲之《临江仙·忆昔西池池上饮》
碛里征人三十万，一时回向月明看。,李益《从军北征》
慎终如始，则无败事。,《老子·德经·第六十四章》
天下有道则见，无道则隐。,《论语·泰伯篇》
欲待曲终寻问取，人不见，数峰青。,苏轼《江城子·江景》
人生莫作妇人身，百年苦乐由他人。,白居易《太行路》
大智兴邦，不过集众思；大愚误国，只为好自用。,《格言联璧·从政类》
為学日益，為道日损。损之又损，以至於无為。,《老子·德经·第四十八章》
美人如花隔云端。,李白《长相思三首》
临下以简，御众以宽；罚弗及嗣，赏延于世。,《尚书·虞书·大禹谟》
碧玉妆成一树高，万条垂下绿丝绦。,贺知章《咏柳 / 柳枝词》
肌肤若冰雪，淖约若处子；不食五谷，吸风饮露；乘云气，御飞龙，而游乎四海之外,《庄子·内篇·逍遥游》
蹞步而不休，跛鳖千里；累土而不辍，丘山崇成。,《荀子·修身》
关山别荡子，风月守空闺。,薛道衡《昔昔盐》
四望际天空阔，一叶凌涛掀舞，壮志未消磨。,李处全《水调歌头·冒大风渡沙子》
巧言令色，鲜矣仁。,《论语·学而篇》
休对故人思故国，且将新火试新茶。,苏轼《望江南·超然台作》
满目山河空念远，落花风雨更伤春，不如怜取眼前人。,晏殊《浣溪沙·一向年光有限身》
山暝闻猿愁，沧江急夜流。,孟浩然《宿桐庐江寄广陵旧游》
四十年来家国，三千里地山河。,李煜《破阵子·四十年来家国》
为报倾城随太守，亲射虎，看孙郎。,苏轼《江城子·密州出猎》
众口铄金，积毁销骨。,《史记·张仪列传》
不患无位，患所以立。不患莫己知，求为可知也。,《论语·里仁篇》
知者乐水，仁者乐山。,《论语·雍也篇》
人一能之，己百之。人十能之，己千之。,《中庸·第二十章》
不是花中偏爱菊，此花开尽更无花。,元稹《菊花》
愁云淡淡雨潇潇。暮暮复朝朝。,石孝友《眼儿媚·愁云淡淡雨潇潇》
语言多矫饰，则人品心术，尽属可疑。,《围炉夜话·第四十则》
酒贱常愁客少，月明多被云妨。,苏轼《西江月·世事一场大梦》
苟日新，日日新，又日新。,《大学·第三章》
强中自有强中手，用诈还逢识诈人。,《三国演义·第十七回》
争渡，争渡，惊起一滩鸥鹭。,李清照《如梦令·常记溪亭日暮》
养弟子如养闺女，最要严出入，谨交游。,《菜根谭·概论》
衙斋卧听萧萧竹，疑是民间疾苦声。,郑燮《潍县署中画竹呈年伯包大中丞括 / 墨竹图题诗》
岸容待腊将舒柳，山意冲寒欲放梅。,杜甫《小至》
家临九江水，来去九江侧。,崔颢《长干行·家临九江水》
夫孝，百行之冠，众善之始也。,《后汉书·列传·刘赵淳于江刘周赵列传》
意少一字则义阙，句长一言则辞妨,《文心雕龙·书记》
一陂春水绕花身，花影妖娆各占春。,王安石《北陂杏花》
老翁逾墙走，老妇出门看。,杜甫《石壕吏》
蜂儿不解知人苦，燕儿不解说人愁。,程垓《最高楼·旧时心事》
若言琴上有琴声，放在匣中何不鸣？,苏轼《琴诗》
且看欲尽花经眼，莫厌伤多酒入唇。,杜甫《曲江二首》
想到他日是那样下场，则可以发愤矣。,《围炉夜话·第三六则》
那里是清江江上村，香闺里冷落谁瞅问？好一个憔悴的凭栏人。,关汉卿《大德歌·冬》
我亦飘零久！,顾贞观《金缕曲二首》
尘劳迥脱事非常，紧把绳头做一场。,黄蘖禅师《上堂开示颂》
秋菊有佳色，裛露掇其英。,陶渊明《饮酒·其四》
天不老，情难绝。,张先《千秋岁·数声鶗鴂》
又送王孙去，萋萋满别情。,白居易《草 / 赋得古原草送别》
万里归船弄长笛，此心吾与白鸥盟。,黄庭坚《登快阁》
楚江微雨里，建业暮钟时。,韦应物《赋得暮雨送李胄 / 赋得暮雨送李曹》
外举不避仇，内举不避子。,《韩非子·外储说左下》
兔从狗窦入，雉从梁上飞。,佚名《十五从军征》
野老与人争席罢，海鸥何事更相疑。,王维《积雨辋川庄作 / 秋归辋川庄作》
锦江春色来天地，玉垒浮云变古今。,杜甫《登楼》
不如饮美酒，被服纨与素。,佚名《驱车上东门》
四时有不谢之花，八节有长青之草。,《镜花缘·第一回》
人以愚虞圣，我以不愚虞圣；人以奇期圣，我以不奇期圣。,《阴符经·下篇》
可怜身是眼中人。,王国维《浣溪沙·山寺微茫背夕曛》
楼船夜雪瓜洲渡，铁马秋风大散关。,陆游《书愤五首·其一》
一枕新愁，残夜花香月满楼。,项鸿祚《减字木兰花·春夜闻隔墙歌吹声》
丈夫处世兮立功名；立功名兮慰平生。慰平生兮吾将醉；吾将醉兮发狂吟！,《三国演义·第四十五回》
初闻征雁已无蝉，百尺楼高水接天。,李商隐《霜月》
昔去雪如花，今来花似雪。,范云《别诗》
马毛带雪汗气蒸，五花连钱旋作冰，幕中草檄砚水凝。,岑参《走马川行奉送出师西征 / 走马川行奉送封大夫出师西征》
不知何处吹芦管，一夜征人尽望乡。,李益《夜上受降城闻笛》
三年羁旅客，今日又南冠。,夏完淳《别云间》
水至清则无鱼，人至察则无徒。,《汉书·传·东方朔传》
饮马长城窟，水寒伤马骨。,陈琳《饮马长城窟行》
屋漏在上，知之在下。,《梁书·本纪·卷三》
百里不贩樵，千里不贩籴。,《史记·七十列传·货殖列传》
臣闻：求木之长者，必固其根本；欲流之远者，必浚其泉源；思国之安者，必积其德义。,魏征《谏太宗十思疏》
红笺小字。,晏殊《清平乐·红笺小字》
一看肠一断，好去莫回头。,白居易《南浦别》
欲为圣明除弊事，肯将衰朽惜残年。,韩愈《左迁至蓝关示侄孙湘》
时人不识凌云木，直待凌云始道高。,杜荀鹤《小松》
柳条百尺拂银塘，且莫深青只浅黄。,杨万里《新柳》
从军行，军行万里出龙庭，单于渭桥今已拜，将军何处觅功名。,卢思道《从军行》
我是清都山水郎，天教分付与疏狂。,朱敦儒《鹧鸪天·西都作》
沾衣欲湿杏花雨，吹面不寒杨柳风。,志南《绝句》
素富贵，行乎富贵；素贫贱，行乎贫贱；素夷狄，行乎夷狄；素患难，行乎患难。君子无入而不自得焉。,《中庸·第十四章》
前虑不定，后有大患。,《史记·苏秦列传》
且就洞庭赊月色，将船买酒白云边。,李白《游洞庭湖五首·其二》
将不可骄，骄则失礼，失礼则人离，人离则众判。,《将苑·卷一·将骄吝》
香雾云鬟湿，清辉玉臂寒。,杜甫《月夜》
春梦随云散，飞花逐水流，寄言众儿女，何必觅闲愁。,《红楼梦·第五回》
归时休放烛光红，待踏马蹄清夜月。,李煜《木兰花·晓妆初了明肌雪》
竹喧归浣女，莲动下渔舟。,王维《山居秋暝》
独出前门望野田，月明荞麦花如雪。,白居易《村夜》
明月照积雪，朔风劲且哀。,谢灵运《岁暮》
一声而非，驷马勿追，一言而急，驷马不及。,《邓析子·转辞》
正是江南好风景，落花时节又逢君。,杜甫《江南逢李龟年》
无穷无尽是离愁，天涯地角寻思遍。,晏殊《踏莎行·祖席离歌》
路人借问遥招手，怕得鱼惊不应人。,胡令能《小儿垂钓》
一曲危弦断客肠。津桥捩柂转牙樯。,严仁《鹧鸪天·惜别》
桂林之一枝，昆山之片玉。,《晋书·列传·第二十二章》
托身白刃里，杀人红尘中。,李白《赠从兄襄阳少府皓》
得欢当作乐，斗酒聚比邻。,陶渊明《杂诗·人生无根蒂》
风里落花谁是主？思悠悠。,李璟《摊破浣溪沙·手卷真珠上玉钩》
那双眼睛，如秋水，如寒星，如宝珠，如白水银里头养着两丸黑水银,《老残游记·第二回》
玉骨那愁瘴雾，冰姿自有仙风。,苏轼《西江月·梅花》
长者梢，深者底。,《元史·列传·卷二》
昔看黄菊与君别，今听玄蝉我却回。,刘禹锡《始闻秋风》
自重者然后人重，人轻者便是自轻。,《增广贤文·下集》
平生不会相思，才会相思，便害相思。,徐再思《折桂令·春情》
何事吟余忽惆怅，村桥原树似吾乡。,王禹偁《村行·马穿山径菊初黄》
白发戴花君莫笑，六幺催拍盏频传。,欧阳修《浣溪沙·堤上游人逐画船》
晚日寒鸦一片愁。柳塘新绿却温柔。,辛弃疾《鹧鸪天·晚日寒鸦一片愁》
梦里依稀慈母泪，城头变幻大王旗。,鲁迅《惯于长夜过春时》
贵出如粪土，贱取如珠玉。,《史记·货殖列传》
越女新妆出镜心，自知明艳更沉吟。,张籍《酬朱庆馀》
十二门前融冷光，二十三丝动紫皇。,李贺《李凭箜篌引》
水为地险，酒为人险。,《日知录·卷二十八》
露浓花瘦，薄汗轻衣透。,李清照《点绛唇·蹴罢秋千》
烟霏霏。雪霏霏。雪向梅花枝上堆。,吴淑姬《长相思令·烟霏霏》
老夫心与游人异，不羡神仙羡少年。,袁枚《湖上杂诗》
清溪流过碧山头，空水澄鲜一色秋。,朱熹《秋月》
事在四方，要在中央。,《韩非子·扬权》
余霞散成绮，澄江静如练。,谢朓《晚登三山还望京邑》
长安古道马迟迟，高柳乱蝉嘶。,柳永《少年游·长安古道马迟迟》
话须通俗方传远，语必关风始动人。,《警世通言·卷十二》
落花水香茅舍晚，断桥头卖鱼人散。,马致远《寿阳曲·远浦帆归》
松下问童子，言师采药去。,贾岛《寻隐者不遇 / 孙革访羊尊师诗》
梧桐半死清霜后，头白鸳鸯失伴飞。,贺铸《半死桐·重过阊门万事非》
万物并育而不相害。道并行而不相悖。,《中庸·第三十章》
举大事，必慎其终始,《礼记·文王世子》
天与火，同人；君子以类族辨物。,《易传·象传上·同人》
青山相待，白云相爱，梦不到紫罗袍共黄金带。,宋方壶《山坡羊·道情》
春日迟迟，卉木萋萋。,佚名《出车》
云物凄凉拂曙流，汉家宫阙动高秋。,赵嘏《长安晚秋 / 秋望 / 秋夕》
人不可貌相，海水不可斗量。,《醒世恒言·卷三》
灯火纸窗修竹里，读书声。,陈继儒《浣溪沙·初夏夜饮归》
秋丛绕舍似陶家，遍绕篱边日渐斜。,元稹《菊花》
今人不见古时月，今月曾经照古人。,李白《把酒问月·故人贾淳令予问之》
至今窥牧马，不敢过临洮。,西鄙人《哥舒歌》
但用东山谢安石，为君谈笑净胡沙。,李白《永王东巡歌十一首》
信，国之宝也，民之所庇也,《左传·僖公·僖公二十五年》
君子耻不修，不耻见污。,《荀子·非十二子》
燎沉香，消溽暑。,周邦彦《苏幕遮·燎沉香》
大江东去，浪淘尽，千古风流人物。,苏轼《念奴娇·赤壁怀古》
千尺阴崖尘不到，惟有层冰积雪。,辛弃疾《贺新郎·用前韵送杜叔高》
蓄疑败谋，怠忽荒政,《尚书·周书·周官》
朝来嗔寂寞，不肯试新衣。,《喻世明言·卷一》
有谁知我此时情，枕前泪共阶前雨，隔个窗儿滴到明。,聂胜琼《鹧鸪天·别情》
为问山翁何事，坐看流年轻度，拚却鬓双华。,叶梦得《水调歌头·秋色渐将晚》
纵我不往，子宁不嗣音？,佚名《子衿》
雨过横塘水满堤，乱山高下路东西。,曾巩《城南·雨过横塘水满堤》
渔阳鼙鼓动地来，惊破霓裳羽衣曲。,白居易《长恨歌》
法莫如显，而术不欲见。,《韩非子·难三》
朱弦已为佳人绝，青眼聊因美酒横。,黄庭坚《登快阁》
贾生年少虚垂泪，王粲春来更远游。,李商隐《安定城楼》
不逆命，何羡寿？不矜贵，何羡名？不要势，何羡位？不贪富，何羡货？,《列子·杨朱》
解落三秋叶，能开二月花。,李峤《风》
春色三分，二分尘土，一分流水。,苏轼《水龙吟·次韵章质夫杨花词》
不惜歌者苦，但伤知音稀。,佚名《西北有高楼》
眼孔浅时无大量，心田偏处有奸谋。,《醒世恒言·卷一》
匈奴未灭不言家，驱逐行行边徼赊。,李昂《从军行》
至近至远东西，至深至浅清溪。,李冶《八至》
恰似一江春水向东流。,李煜《虞美人·春花秋月何时了》
一苗露水一苗草，一朝天子一朝臣。,《增广贤文·下集》
义胆包天，忠肝盖地，四海无人识。,施耐庵《念奴娇·天南地北》
时难年荒世业空，弟兄羁旅各西东。,白居易《望月有感》
一声而非，驷马勿追，一言而急，驷马不及。,《邓析子·转辞》
晴日暖风生麦气，绿阴幽草胜花时。,王安石《初夏即事》
遇酒且呵呵，人生能几何！,韦庄《菩萨蛮·劝君今夜须沈醉》
凫胫虽短，续之则忧；鹤胫虽长，断之则悲。,《庄子·外篇·骈拇》
老来情味减，对别酒，怯流年。,辛弃疾《木兰花慢·滁州送范倅》
入则无法家拂士，出则无敌国外患者，国恒亡。,孟子及其弟子《生于忧患，死于安乐》
每见寒士将达，必有一段谦光可掬。,《了凡四训·谦德之效》
渡江天马南来，几人真是经纶手。,辛弃疾《水龙吟·甲辰岁寿韩南涧尚书》
朝真暮伪何人辨，古往今来底事无。,白居易《放言五首·其一》
人有不虞之誉，有求全之毁。,《孟子·离娄章句上·第二十一节》
漠漠水田飞白鹭，阴阴夏木啭黄鹂。,王维《积雨辋川庄作 / 秋归辋川庄作》
锁离愁，连绵无际，来时陌上初熏。,韩缜《凤箫吟·锁离愁》
休去倚危栏，斜阳正在，烟柳断肠处。,辛弃疾《摸鱼儿·更能消几番风雨》
车遥遥兮马洋洋，追思君兮不可忘。,傅玄《车遥遥篇》
持节云中，何日遣冯唐？,苏轼《江城子·密州出猎》
沧浪之水清兮，可以濯我缨；沧浪之水浊兮，可以濯我足。,佚名《沧浪歌》
谁知盘中餐，粒粒皆辛苦？,李绅《古风二首 / 悯农二首》
遥知独听灯前雨，转忆同看雪后山。,纳兰性德《于中好·送梁汾南还为题小影》
晴空一鹤排云上，便引诗情到碧霄。,刘禹锡《秋词》
相寻梦里路，飞雨落花中。,晏几道《临江仙·斗草阶前初见》
无我原非你，从他不解伊。,《红楼梦·第二十二回》
有无相生，难易相成，长短相形，高下相倾，音声相和，前后相随。,《老子·道经·第二章》
满腹诗书漫古今，频年流落易伤心。,宇文虚中《在金日作·选二》
重重叠叠上瑶台，几度呼童扫不开。,苏轼《花影》
子治世之能臣，乱世之奸雄也。,《三国演义·第一回》
雨足高田白，披蓑半夜耕。,崔道融《田上》
人生自古谁无死？留取丹心照汗青。,文天祥《过零丁洋》
梦回人远许多愁，只在梨花风雨处。,辛弃疾《玉楼春·风前欲劝春光住》
一切福田，不离方寸；从心而觅，感无不通。,《了凡四训·立命之学》
庭院深深深几许，云窗雾阁春迟。,李清照《临江仙·梅》
日暮乡关何处是？烟波江上使人愁。,崔颢《黄鹤楼 / 登黄鹤楼》
量大祸不在，机深祸亦深。,《增广贤文·下集》
河海不择细流，故能就其深；,李斯《谏逐客书》
大丈夫处世，当埽除天下,《后汉书·列传·陈王列传》
断无蜂蝶慕幽香，红衣脱尽芳心苦。,贺铸《芳心苦·杨柳回塘》
寒随一夜去，春逐五更来。,史青《应诏赋得除夜》
漫惹炉烟双袖紫，空将酒晕一衫青。,纳兰性德《浣溪沙·伏雨朝寒愁不胜》
春风不解禁杨花，蒙蒙乱扑行人面。,晏殊《踏莎行·小径红稀》
青梅如豆柳如眉，日长蝴蝶飞。,欧阳修《阮郎归·南园春半踏青时》
春江花朝秋月夜，往往取酒还独倾。,白居易《琵琶行 / 琵琶引》
望处雨收云断，凭阑悄悄，目送秋光。,柳永《玉蝴蝶·望处雨收云断》
一树春风千万枝，嫩于金色软于丝。,白居易《杨柳枝词》
发短愁催白，颜衰酒借红。,陈师道《除夜对酒赠少章》
却下水晶帘，玲珑望秋月。,李白《玉阶怨》
青天有月来几时？我今停杯一问之。,李白《把酒问月·故人贾淳令予问之》
朝闻游子唱离歌，昨夜微霜初渡河。,李颀《送魏万之京》
东风夜放花千树，更吹落，星如雨。,辛弃疾《青玉案·元夕》
斜倚画阑娇不语，暗移梅影过红桥，裙带北风飘。,纳兰性德《望江南·咏弦月》
脚著谢公屐，身登青云梯。,李白《梦游天姥吟留别 / 梦游天姥山别东鲁诸公》
仁者如射，射者正己而后发。发而不中，不怨胜己者，反求诸己而已矣。,《孟子·公孙丑章句上·第七节》
玉碗冰寒滴露华，粉融香雪透轻纱。,晏殊《浣溪沙·玉碗冰寒滴露华》
平生不做皱眉事，世上应无切齿人。,《增广贤文·上集》
中庭月色正清明，无数杨花过无影。,张先《木兰花·乙卯吴兴寒食》
雨足高田白，披蓑半夜耕。,崔道融《田上》
不见南师久，谩说北群空。,陈亮《水调歌头·送章德茂大卿使虏》
祸福将至，善必先知之；不善，必先知之。故至诚如神。,《中庸·第二十四章》
万里赴戎机，关山度若飞。,佚名《木兰诗 / 木兰辞》
合意客来心不厌，知音人听话偏长。,《警世通言·卷一》
远去不逢青海马，力穷难拔蜀山蛇。,李商隐《咏史二首·其二》
纵死侠骨香，不惭世上英。,李白《侠客行》
桂花香雾冷，梧叶西风影。,高观国《菩萨蛮·何须急管吹云暝》
情欲意识，尽属妄心消杀得，妄心尽而后真心现。,《菜根谭·概论》
行路难，不在水，不在山，只在人情反覆间。,白居易《太行路》
阳春布德泽，万物生光辉。,佚名《长歌行》
角声满天秋色里，塞上燕脂凝夜紫。,李贺《雁门太守行》
静胜躁，寒胜热。清静為天下正。,《老子·德经·第四十五章》
其安易持，其未兆易谋；其脆易泮，其微易散。为之于未有，治之于未乱。,《老子·德经·第六十四章》
暖风熏得游人醉，直把杭州作汴州。,林升《题临安邸》
事以密成，语以泄败。,《韩非子·说难》
相思一夜窗前梦，奈个人、水隔天遮。,王沂孙《高阳台·和周草窗寄越中诸友韵》
江湖多风波，舟楫恐失坠。,杜甫《梦李白二首·其二》
永夜角声悲自语，中天月色好谁看。,杜甫《宿府》
凭高眺远，见长空万里，云无留迹。,苏轼《念奴娇·中秋》
古之君子，过则改之。,《孟子·公孙丑章句下·第九节》
正其末者端其本，善其后者慎其先。,《晋书·列传·第二十五章》
过尽千帆皆不是，斜晖脉脉水悠悠。,温庭筠《望江南·梳洗罢》
君子安礼乐利，谨慎而无斗怒，是以百举而不过也。,《荀子·臣道》
信，国之宝也，民之所庇也,《左传·僖公·僖公二十五年》
可怜身上衣正单，心忧炭贱愿天寒。,白居易《卖炭翁》
菊暗荷枯一夜霜。新苞绿叶照林光。,苏轼《浣溪沙·咏橘》
垂緌饮清露，流响出疏桐。,虞世南《蝉》
余霞散成绮，澄江静如练。,谢朓《晚登三山还望京邑》
试上超然台上看，半壕春水一城花。,苏轼《望江南·超然台作》
世间行乐亦如此，古来万事东流水。,李白《梦游天姥吟留别 / 别东鲁诸公》
迢递高城百尺楼，绿杨枝外尽汀洲。,李商隐《安定城楼》
归志宁无五亩园，读书本意在元元。,陆游《读书》
狡兔尽则良犬烹，敌国灭则谋臣亡。,《韩非子·内储说下六微》
是谓是，非谓非，曰直。,《荀子·修身》
众芳摇落独暄妍，占尽风情向小园。,林逋《山园小梅二首》
当局称迷，傍观见审,《旧唐书·列传·卷五十二》
大丈夫当雄飞，安能雌伏！,《后汉书·列传·宣张二王杜郭吴承郑赵列传》
古之人，得志，泽加于民；不得志，修身见于世。穷则独善其身，达则兼善天下。,《孟子·尽心章句上·第九节》
尘中见月心亦闲，况是清秋仙府间。,刘禹锡《八月十五夜桃源玩月》
十五入汉宫，花颜笑春红。,李白《怨歌行》
先天下之忧而忧，后天下之乐而乐,范仲淹《岳阳楼记》
信言不美，美言不信。善者不辩，辩者不善。知者不博，博者不知。,《老子·德经·第八十一章》
无情有恨何人见，露压烟啼千万枝。,李贺《昌谷北园新笋四首》
明犯强汉者，虽远必诛。,《汉书·传·傅常郑甘陈段传》
四十年来家国，三千里地山河。,李煜《破阵子·四十年来家国》
丈夫不能再辱。,《汉书·传·李广苏建传》
花时同醉破春愁，醉折花枝作酒筹。,白居易《同李十一醉忆元九》
黄昏独倚朱阑。西南新月眉弯。,冯延巳《清平乐·雨晴烟晚》
一剑横空，飞过洞庭，又为此来。,刘过《沁园春·卢蒲江席上时有新第宗室》
青鸟不传云外信，丁香空结雨中愁。,李璟《摊破浣溪沙·手卷真珠上玉钩》
粗缯大布裹生涯，腹有诗书气自华。,苏轼《和董传留别》
若是前生未有缘，待重结、来生愿。,乐婉《卜算子·答施》
有谁知我此时情，枕前泪共阶前雨，隔个窗儿滴到明。,聂胜琼《鹧鸪天·别情》
自是寻春去校迟，不须惆怅怨芳时。,杜牧《叹花 / 怅诗》
江阔云低、断雁叫西风。,蒋捷《虞美人·听雨》
饰美于外者，必其中无所有。,《围炉夜话·第一八八则》
劝君不用分明语，语得分明出转难。,罗隐《鹦鹉》
飞龙御天，故资云雨之势；帝王兴运，必俟股肱之力。,《晋书·列传·第三十五章》
不以求备取人，不以己长格物，随能收叙，无隔疏贱。,《贞观政要·卷二·论任贤》
兵者，国之大事，死生之地，存亡之道，不可不察也。,《孙子兵法·始计篇》
心者修裔之根，未有根不植而枝叶荣茂者。,《菜根谭·概论》
我欲乘风归去，又恐琼楼玉宇，高处不胜寒。,苏轼《水调歌头·明月几时有》
乐游原上清秋节，咸阳古道音尘绝。,李白《忆秦娥·箫声咽》
季子正年少，匹马黑貂裘。,辛弃疾《水调歌头·舟次扬州和人韵》
门外子规啼未休，山村落日梦悠悠。,陈与义《送人归京师》
秦王扫六合，虎视何雄哉！,李白《古风·秦王扫六合》
群峭碧摩天，逍遥不记年。,李白《寻雍尊师隐居》
敌未灭，何以家为？,《宋史·列传·卷一百二十四》
鉴於水者见面之容，鉴於人者知吉与凶,《史记·七十列传·范睢蔡泽列传》
汉家烟尘在东北，汉将辞家破残贼。,高适《燕歌行》
借问梅花何处落，风吹一夜满关山。,高适《塞上听吹笛》
留人不住，醉解兰舟去。,晏几道《清平乐·留人不住》
衣懒换，酒难赊。可怜此夕看梅花。,吴文英《思佳客·癸卯除夜》
爱人利人者，天必福之；恶人贼人者，天必祸之。,《墨子·04章 法仪》
少年不识愁滋味，爱上层楼。,辛弃疾《丑奴儿·书博山道中壁》
修身者，智之府也；爱施者，仁之端也；取予者，义之符也；耻辱者，勇之决也；立名者，行之极也,《汉书·传·司马迁传》
投我以桃，报之以李。,佚名《抑》
千万恨，恨极在天涯。,温庭筠《梦江南·千万恨》
枝间新绿一重重， 小蕾深藏数点红。,元好问《同儿辈赋未开海棠》
望云惭高鸟，临水愧游鱼。,陶渊明《始作镇军参军经曲阿作》
惶恐滩头说惶恐，零丁洋里叹零丁。,文天祥《过零丁洋》
执法如山，守身如玉，爱民如子，去蠹如仇。,《格言联璧·从政类》
满则虑嗛，平则虑险，安则虑危,《荀子·仲尼》
日日思君不见君，共饮长江水。,李之仪《卜算子·我住长江头》
众里寻他千百度，蓦然回首，那人却在，灯火阑珊处。,辛弃疾《青玉案·元夕》
十五好剑术，遍干诸侯。,李白《与韩荆州书》
酌酒以自宽，举杯断绝歌路难。,鲍照《拟行路难·其四》
欲治身，先治心；欲责人，先责己。,《元史·列传·卷二》
非淡泊无以明志，非宁静无以致远。,诸葛亮《诫子书》
人人亲其亲，长其长，而天下平。,《孟子·离娄章句上·第十一节》
自是寻春去校迟，不须惆怅怨芳时。,杜牧《叹花 / 怅诗》
梦回人远许多愁，只在梨花风雨处。,辛弃疾《玉楼春·风前欲劝春光住》
一张一弛，文武之道,《礼记·杂记下》
经目之事，犹恐未真；背后之言，岂能全信？,《水浒传·第二十六回》
黄昏院落，凄凄惶惶，酒醒时往事愁肠。,李清照《行香子·天与秋光》
会稽愚妇轻买臣，余亦辞家西入秦。,李白《南陵别儿童入京》
君子和而不流；强哉矫。中立而不倚；强哉矫。国有道，不变塞焉；强哉矫。国无道，至死不变；强哉矫。,《中庸·第十章》
罗幕轻寒，燕子双飞去。,晏殊《蝶恋花·槛菊愁烟兰泣露》
游人不管春将老，来往亭前踏落花。,欧阳修《丰乐亭游春·其三》
千里澄江似练，翠峰如簇。,王安石《桂枝香·登临送目》
己不自信，何以信于人？,《明史·列传·卷四十九》
君子耻其言而过其行。,《论语·宪问篇》
漫漫秋夜长，烈烈北风凉。,曹丕《杂诗二首》
黄云连白草，万里有无间。,王镃《塞上曲》
水至清则无鱼，人太急则无智。,《增广贤文·上集》
先行其言而后从之。,《论语·为政篇》
天行有常，不以尧存，不以桀亡。应之以治则吉，应之以乱则凶。,《荀子·天论》
德不优者，不能怀远，才不大者，不能博见。,《论衡·卷十三·别通篇》
谁能书阁下，白首太玄经。,李白《侠客行》
赤甲白盐俱刺天，闾阎缭绕接山巅。,杜甫《夔州歌十绝句》
林下春晴风渐和，高崖残雪已无多。,王守仁《春晴》
杜鹃再拜忧天泪，精卫无穷填海心。,黄遵宪《赠梁任父母同年 / 题梁任父同年》
欲持一瓢酒，远慰风雨夕。,韦应物《寄全椒山中道士》
些小吾曹州县吏，一枝一叶总关情。,郑燮《潍县署中画竹呈年伯包大中丞括 / 墨竹图题诗》
最是人间留不住，朱颜辞镜花辞树。,王国维《蝶恋花·阅尽天涯离别苦》
无约而请和者，谋也。,《孙子兵法·行军篇》
一身能擘两雕弧，虏骑千重只似无。,王维《少年行四首》
三月休听夜雨，如今不是催花。,张炎《清平乐·采芳人杳》
霜风渐欲作重阳，熠熠溪边野菊香。,苏轼《捕蝗至浮云岭山行疲苶有怀子由弟二首·其二》
桃李不言，下自成蹊；道旁苦李，为人所弃。,《幼学琼林·卷四·花木》
昨夜雨疏风骤，浓睡不消残酒。,李清照《如梦令·昨夜雨疏风骤》
衰世好信鬼，愚人好求福。,《论衡·卷二十五·解除篇》
夜夜除非，好梦留人睡。,范仲淹《苏幕遮·怀旧》
廉者憎贪，信者疾伪,《新唐书·列传·卷三十二》
士之耽兮，犹可说也。,佚名《氓》
知止而后有定，定而后能静，静而后能安，安而后能虑，虑而后能得。,《大学·第一章》
白锦无纹香烂漫，玉树琼葩堆雪。,丘处机《无俗念·灵虚宫梨花词》
黄四娘家花满蹊，千朵万朵压枝低。,杜甫《江畔独步寻花七绝句》
千门万户曈曈日，总把新桃换旧符。,王安石《元日》
尽前行者地步窄，向后看者眼界宽。,《格言联璧·持躬类》
青春几何时，黄鸟鸣不歇。,李白《江南春怀》
觉后不知明月上，满身花影倩人扶。,陆龟蒙《和袭美春夕酒醒》
绸缪束薪，三星在天。,佚名《绸缪》
战战兢兢，如临深渊，如履薄冰。,佚名《小旻》
取次花丛懒回顾，半缘修道半缘君。,元稹《离思五首·其四》
治大者不治细，成大功者不成小,《列子·杨朱》
放眼暮江千顷，中有离愁万斛，无处落征鸿。,杨炎正《水调歌头·把酒对斜日》
苏溪亭上草漫漫，谁倚东风十二阑。,戴叔伦《苏溪亭》
鹅，鹅，鹅，曲项向天歌。,骆宾王《咏鹅》
无处不伤心，轻尘在玉琴。,纳兰性德《菩萨蛮·萧萧几叶风兼雨》
故人不可见，新知万里外。,文天祥《端午即事》
马毛带雪汗气蒸，五花连钱旋作冰，幕中草檄砚水凝。,岑参《走马川行奉送出师西征 / 走马川行奉送封大夫出师西征》
高楼送客不能醉，寂寂寒江明月心。,王昌龄《芙蓉楼送辛渐二首》
知足之心，可用之以处境，不可用之以读书。,《围炉夜话·第一五九则》
宣城太守知不知，一丈毯，千两丝。,白居易《红线毯》
人命至重，有贵千金,《千金方·序·序》
家在梦中何日到，春来江上几人还？,卢纶《长安春望》
有风方起浪，无潮水自平。,《西游记·第七十五回》
饮散离亭西去，浮生长恨飘蓬。,徐昌图《临江仙·饮散离亭西去》
朱弦已为佳人绝，青眼聊因美酒横。,黄庭坚《登快阁》
人不可以无耻，无耻之耻，无耻矣。,《孟子·尽心章句上·第六节》
至乐无如读书，至要莫如教子。,《格言联璧·齐家类》
智欲圆而行欲方，胆欲大而心欲小。,《幼学琼林·卷三·人事》
口惠而实不至，怨菑及其身。,《礼记·表记》
君子不自大其事，不自尚其功,《礼记·表记》
刬却君山好，平铺湘水流。,李白《陪侍郎叔游洞庭醉后三首》
赵客缦胡缨，吴钩霜雪明。,李白《侠客行》
不可以一时之誉，断其为君子；不可以一时之谤，断其为小人。,《警世通言·卷四》
如何亡国恨，尽在大江东！,屈大均《秣陵》
父母之年，不可不知也。一则以喜，一则以惧。,《论语·里仁篇》
风雨送人来，风雨留人住。,游次公《卜算子·风雨送人来》
绿杨芳草长亭路。年少抛人容易去。,晏殊《玉楼春·春恨》
惜别伤离方寸乱。忘了临行，酒盏深和浅。,李清照《蝶恋花·泪湿罗衣脂粉满》
残酒忆荆高，燕赵悲歌事未消。,陈维崧《南乡子·邢州道上作》
韶华不为少年留，恨悠悠，几时休？,秦观《江城子·西城杨柳弄春柔》
世上岂无千里马，人中难得九方皋。,黄庭坚《过平舆怀李子先时在并州》
花明月暗笼轻雾，今宵好向郎边去。,李煜《菩萨蛮·花明月暗笼轻雾》
益者三友，损者三友。友直、友谅、友多闻，益矣；友便辟、友善柔、友便佞，损矣。,《论语·季氏篇》
阅尽天涯离别苦，不道归来，零落花如许。,王国维《蝶恋花·阅尽天涯离别苦》
红粉佳人休使老，风流浪子莫教贫。,《增广贤文·上集》
西园公子名无忌，南国佳人号莫愁。,韦庄《忆昔》
欢言得所憩，美酒聊共挥。,李白《下终南山过斛斯山人宿置酒》
玉阶生白露，夜久侵罗袜。,李白《玉阶怨》
莫嫌举世无知己，未有庸人不忌才。,查慎行《三闾祠》
身向云山那畔行，北风吹断马嘶声，深秋远塞若为情。,纳兰性德《浣溪沙·身向云山那畔行》
竭泽而渔，岂不获得？而明年无鱼；焚薮而田，岂不获得？而明年无兽。,《吕氏春秋·览·孝行览》
愿君多采撷，此物最相思。,王维《相思》
狂风落尽深红色，绿叶成阴子满枝。,杜牧《怅诗》
晴云轻漾，熏风无浪，开樽避暑争相向。,薛昂夫《西湖杂咏·夏》
马滑霜浓，不如休去，直是少人行。,周邦彦《少年游·并刀如水》
细雨斜风作晓寒。淡烟疏柳媚晴滩。,苏轼《浣溪沙·元丰七年十二月二十四日从泗州刘倩叔游南山》
山下出泉，蒙；君子以果行育德。,《易传·象传上·蒙》
归凤求凰意，寥寥不复闻。,杜甫《琴台》
一顾倾人城，再顾倾人国。,李延年《李延年歌》
满月飞明镜，归心折大刀。,杜甫《八月十五夜月二首》
试玉要烧三日满，辨材须待七年期。,白居易《放言五首·其三》
一念慈祥，可以酝酿两间和气；寸心洁白，可以昭垂百代清芬。,《菜根谭·概论》
五陵年少金市东，银鞍白马度春风。,李白《少年行二首》
好学近乎知。力行近乎仁。知耻近乎勇。,《中庸·第二十章》
莫笑贱贫夸富贵，共成枯骨两何如？,白居易《放言五首·其四》
碧云无渡碧天沉，是湖心，是侬心。,张惠言《江城子·填张春溪西湖竹枝词》
遇沉沉不语之士，且莫输心；见悻悻自好之人，应须防口。,《菜根谭·概论》
仁者爱万物，而智者备祸于未形，不仁不智，何以为国？,《史记·赵世家》
秋阴不散霜飞晚，留得枯荷听雨声。,李商隐《宿骆氏亭寄怀崔雍崔衮》
秋风清，秋月明，落叶聚还散，寒鸦栖复惊。,李白《三五七言 / 秋风词》
思牵今夜肠应直，雨冷香魂吊书客。,李贺《秋来》
与子同袍。,佚名《秦风·无衣》
钟鼓馔玉不足贵，但愿长醉不愿醒。,李白《将进酒》
父兄教子弟，必正其身以率子，无庸徒事言词也。,《围炉夜话·第三三则》
上善若水，水善利万物而不争。处眾人之所恶，故几於道。,《老子·道经·第八章》
星点点，月团团。倒流河汉入杯盘。,刘著《鹧鸪天·雪照山城玉指寒》
春水满四泽，夏云多奇峰。,陶渊明《四时》
昨夜秋风入汉关，朔云边月满西山。,严武《军城早秋》
柴门闻犬吠，风雪夜归人。,刘长卿《逢雪宿芙蓉山主人》
巧而好度，必节；勇而好同，必胜；知而好谦，必贤。,《荀子·仲尼》
请君试问东流水，别意与之谁短长。,李白《金陵酒肆留别》
凫胫虽短，续之则忧；鹤胫虽长，断之则悲。,《庄子·外篇·骈拇》
我亦且如常日醉，莫教弦管作离声。,欧阳修《别滁》
流水落花春去也，天上人间。,李煜《浪淘沙令·帘外雨潺潺》
舟遥遥以轻飏，风飘飘而吹衣。,陶渊明《归去来兮辞·并序》
花繁柳密处，拨得开，才是手段；风狂雨急时，立得定，方见脚根。,《小窗幽记·集醒篇》
子路、曾皙、冉有、公西华侍坐。,佚名《子路、曾皙、冉有、公西华侍坐》
潇湘何事等闲回，水碧沙明两岸苔。,钱起《归雁》
故音乐者，所以动荡血脉，通流精神而和正心也。,《史记·乐书》
月明人倚楼。,白居易《长相思·汴水流》
人去空流水，花飞半掩门。,秦观《南歌子·香墨弯弯画》
石壕村里夫妻别，泪比长生殿上多。,袁枚《马嵬》
挽弓当挽强，用箭当用长。,杜甫《前出塞九首》
岂知一夜秦楼客，偷看吴王苑内花。,李商隐《无题二首》
碧毯线头抽早稻，青罗裙带展新蒲。,白居易《春题湖上》
守恬淡以养道，处卑下以养德，去嗔怒以养性，薄滋味以养气。,《小窗幽记·集景篇》
月照城头乌半飞，霜凄万树风入衣。,李颀《琴歌》
男儿西北有神州，莫滴水西桥畔泪。,刘克庄《玉楼春·戏林推》
忘身辞凤阙，报国取龙庭。,王维《送赵都督赴代州得青字》
青青河畔草，郁郁园中柳。,佚名《青青河畔草》
不似秋光，只与离人照断肠。,苏轼《减字木兰花·春月》
茕茕白兔，东走西顾。,佚名《古艳歌》
烟水茫茫，千里斜阳暮。山无数。乱红如雨。,秦观《点绛唇·桃源》
料得年年肠断处，明月夜，短松冈。,苏轼《江城子·乙卯正月二十日夜记梦》
读陆游咏梅词，反其意而用之。,毛泽东《卜算子·咏梅》
马作的卢飞快，弓如霹雳弦惊。,辛弃疾《破阵子·为陈同甫赋壮词以寄之》
祖席离歌，长亭别宴。,晏殊《踏莎行·祖席离歌》
笃志而体，君子也。,《荀子·修身》
栖鸦流水点秋光，爱此萧疏树几行。,纪映淮《咏秋柳》
江南江北雪漫漫。遥知易水寒。,向子諲《阮郎归·绍兴乙卯大雪行鄱阳道中》
贤者以其昭昭，使人昭昭；今以其昏昏，使人昭昭。,《孟子·尽心章句下·第二十节》
秋侵人影瘦，霜染菊花肥。,《浮生六记·闺房记乐》
